file_moi,file_goc,patient_id,phuong_phap,seed,tham_so
Aug_0000_mix_P10AsthmaIE_49.wav,P10AsthmaIE_49.wav,P10,mix,42,noise_file=quat_phim_021.wav
Aug_0001_shift_P10AsthmaIU_46.wav,P10AsthmaIU_46.wav,P10,shift,43,silence_file=im_lang_002.wav
Aug_0002_white_P10AsthmaIU_50.wav,P10AsthmaIU_50.wav,P10,white,44,noise_level=0.001
Aug_0003_stretch_P10AsthmaRL_47.wav,P10AsthmaRL_47.wav,P10,stretch,45,rate_range=0.8-1.2
Aug_0004_pitch_P10AsthmaRS_48.wav,P10AsthmaRS_48.wav,P10,pitch,46,n_steps_range=-0.5..0.5
Aug_0005_mix_P12WheezingIE_57.wav,P12WheezingIE_57.wav,P12,mix,47,noise_file=postcard_045.wav
Aug_0006_shift_P12WheezingIU_58.wav,P12WheezingIU_58.wav,P12,shift,48,silence_file=im_lang_035.wav
Aug_0007_white_P12WheezingRL_59.wav,P12WheezingRL_59.wav,P12,white,49,noise_level=0.001
Aug_0008_stretch_P12WheezingRS_56.wav,P12WheezingRS_56.wav,P12,stretch,50,rate_range=0.8-1.2
Aug_0009_pitch_P12WheezingRS_60.wav,P12WheezingRS_60.wav,P12,pitch,51,n_steps_range=-0.5..0.5
Aug_0010_mix_P13WheezingIE_61.wav,P13WheezingIE_61.wav,P13,mix,52,noise_file=postcard_034.wav
Aug_0011_shift_P13WheezingIE_65.wav,P13WheezingIE_65.wav,P13,shift,53,silence_file=im_lang_039.wav
Aug_0012_white_P13WheezingIU_62.wav,P13WheezingIU_62.wav,P13,white,54,noise_level=0.001
Aug_0013_stretch_P13WheezingRL_63.wav,P13WheezingRL_63.wav,P13,stretch,55,rate_range=0.8-1.2
Aug_0014_pitch_P13WheezingRS_64.wav,P13WheezingRS_64.wav,P13,pitch,56,n_steps_range=-0.5..0.5
Aug_0015_mix_P14WheezingIE_69.wav,P14WheezingIE_69.wav,P14,mix,57,noise_file=postcard_005.wav
Aug_0016_shift_P14WheezingIU_66.wav,P14WheezingIU_66.wav,P14,shift,58,silence_file=im_lang_037.wav
Aug_0017_white_P14WheezingIU_70.wav,P14WheezingIU_70.wav,P14,white,59,noise_level=0.001
Aug_0018_stretch_P14WheezingRL_67.wav,P14WheezingRL_67.wav,P14,stretch,60,rate_range=0.8-1.2
Aug_0019_pitch_P14WheezingRS_68.wav,P14WheezingRS_68.wav,P14,pitch,61,n_steps_range=-0.5..0.5
Aug_0020_mix_P15WheezingIE_73.wav,P15WheezingIE_73.wav,P15,mix,62,noise_file=quat_phim_058.wav
Aug_0021_shift_P15WheezingIU_74.wav,P15WheezingIU_74.wav,P15,shift,63,silence_file=im_lang_028.wav
Aug_0022_white_P15WheezingRL_71.wav,P15WheezingRL_71.wav,P15,white,64,noise_level=0.001
Aug_0023_stretch_P15WheezingRL_75.wav,P15WheezingRL_75.wav,P15,stretch,65,rate_range=0.8-1.2
Aug_0024_pitch_P15WheezingRS_72.wav,P15WheezingRS_72.wav,P15,pitch,66,n_steps_range=-0.5..0.5
Aug_0025_mix_P19WheezingIE_93.wav,P19WheezingIE_93.wav,P19,mix,67,noise_file=postcard_009.wav
Aug_0026_shift_P19WheezingIU_94.wav,P19WheezingIU_94.wav,P19,shift,68,silence_file=im_lang_047.wav
Aug_0027_white_P19WheezingRL_91.wav,P19WheezingRL_91.wav,P19,white,69,noise_level=0.001
Aug_0028_stretch_P19WheezingRL_95.wav,P19WheezingRL_95.wav,P19,stretch,70,rate_range=0.8-1.2
Aug_0029_pitch_P19WheezingRS_92.wav,P19WheezingRS_92.wav,P19,pitch,71,n_steps_range=-0.5..0.5
Aug_0030_mix_P1AsthmaIE_1.wav,P1AsthmaIE_1.wav,P1,mix,72,noise_file=postcard_009.wav
Aug_0031_shift_P1AsthmaIE_5.wav,P1AsthmaIE_5.wav,P1,shift,73,silence_file=im_lang_017.wav
Aug_0032_white_P1AsthmaIU_2.wav,P1AsthmaIU_2.wav,P1,white,74,noise_level=0.001
Aug_0033_stretch_P1AsthmaRL_3.wav,P1AsthmaRL_3.wav,P1,stretch,75,rate_range=0.8-1.2
Aug_0034_pitch_P1AsthmaRS_4.wav,P1AsthmaRS_4.wav,P1,pitch,76,n_steps_range=-0.5..0.5
Aug_0035_mix_P20WheezingIE_97.wav,P20WheezingIE_97.wav,P20,mix,77,noise_file=quat_phim_042.wav
Aug_0036_shift_P20WheezingIU_98.wav,P20WheezingIU_98.wav,P20,shift,78,silence_file=im_lang_052.wav
Aug_0037_white_P20WheezingRL_99.wav,P20WheezingRL_99.wav,P20,white,79,noise_level=0.001
Aug_0038_stretch_P20WheezingRS_100.wav,P20WheezingRS_100.wav,P20,stretch,80,rate_range=0.8-1.2
Aug_0039_pitch_P20WheezingRS_96.wav,P20WheezingRS_96.wav,P20,pitch,81,n_steps_range=-0.5..0.5
Aug_0040_mix_P21WheezingIE_101.wav,P21WheezingIE_101.wav,P21,mix,82,noise_file=postcard_018.wav
Aug_0041_shift_P21WheezingIE_105.wav,P21WheezingIE_105.wav,P21,shift,83,silence_file=im_lang_031.wav
Aug_0042_white_P21WheezingIU_102.wav,P21WheezingIU_102.wav,P21,white,84,noise_level=0.001
Aug_0043_stretch_P21WheezingRL_103.wav,P21WheezingRL_103.wav,P21,stretch,85,rate_range=0.8-1.2
Aug_0044_pitch_P21WheezingRS_104.wav,P21WheezingRS_104.wav,P21,pitch,86,n_steps_range=-0.5..0.5
Aug_0045_mix_P22WheezingIE_109.wav,P22WheezingIE_109.wav,P22,mix,87,noise_file=postcard_018.wav
Aug_0046_shift_P22WheezingIU_106.wav,P22WheezingIU_106.wav,P22,shift,88,silence_file=im_lang_025.wav
Aug_0047_white_P22WheezingIU_110.wav,P22WheezingIU_110.wav,P22,white,89,noise_level=0.001
Aug_0048_stretch_P22WheezingRL_107.wav,P22WheezingRL_107.wav,P22,stretch,90,rate_range=0.8-1.2
Aug_0049_pitch_P22WheezingRS_108.wav,P22WheezingRS_108.wav,P22,pitch,91,n_steps_range=-0.5..0.5
Aug_0050_mix_P25WheezingIE_121.wav,P25WheezingIE_121.wav,P25,mix,92,noise_file=postcard_053.wav
Aug_0051_shift_P25WheezingIE_125.wav,P25WheezingIE_125.wav,P25,shift,93,silence_file=im_lang_058.wav
Aug_0052_white_P25WheezingIU_122.wav,P25WheezingIU_122.wav,P25,white,94,noise_level=0.001
Aug_0053_stretch_P25WheezingRL_123.wav,P25WheezingRL_123.wav,P25,stretch,95,rate_range=0.8-1.2
Aug_0054_pitch_P25WheezingRS_124.wav,P25WheezingRS_124.wav,P25,pitch,96,n_steps_range=-0.5..0.5
Aug_0055_mix_P27WheezingIE_133.wav,P27WheezingIE_133.wav,P27,mix,97,noise_file=postcard_024.wav
Aug_0056_shift_P27WheezingIU_134.wav,P27WheezingIU_134.wav,P27,shift,98,silence_file=im_lang_022.wav
Aug_0057_white_P27WheezingRL_131.wav,P27WheezingRL_131.wav,P27,white,99,noise_level=0.001
Aug_0058_stretch_P27WheezingRL_135.wav,P27WheezingRL_135.wav,P27,stretch,100,rate_range=0.8-1.2
Aug_0059_pitch_P27WheezingRS_132.wav,P27WheezingRS_132.wav,P27,pitch,101,n_steps_range=-0.5..0.5
Aug_0060_mix_P28WheezingIE_137.wav,P28WheezingIE_137.wav,P28,mix,102,noise_file=postcard_018.wav
Aug_0061_shift_P28WheezingIU_138.wav,P28WheezingIU_138.wav,P28,shift,103,silence_file=im_lang_045.wav
Aug_0062_white_P28WheezingRL_139.wav,P28WheezingRL_139.wav,P28,white,104,noise_level=0.001
Aug_0063_stretch_P28WheezingRS_136.wav,P28WheezingRS_136.wav,P28,stretch,105,rate_range=0.8-1.2
Aug_0064_pitch_P28WheezingRS_140.wav,P28WheezingRS_140.wav,P28,pitch,106,n_steps_range=-0.5..0.5
Aug_0065_mix_P29WheezingIE_141.wav,P29WheezingIE_141.wav,P29,mix,107,noise_file=postcard_031.wav
Aug_0066_shift_P29WheezingIE_145.wav,P29WheezingIE_145.wav,P29,shift,108,silence_file=im_lang_008.wav
Aug_0067_white_P29WheezingIU_142.wav,P29WheezingIU_142.wav,P29,white,109,noise_level=0.001
Aug_0068_stretch_P29WheezingRL_143.wav,P29WheezingRL_143.wav,P29,stretch,110,rate_range=0.8-1.2
Aug_0069_pitch_P29WheezingRS_144.wav,P29WheezingRS_144.wav,P29,pitch,111,n_steps_range=-0.5..0.5
Aug_0070_mix_P2AsthmaIE_9.wav,P2AsthmaIE_9.wav,P2,mix,112,noise_file=quat_phim_001.wav
Aug_0071_shift_P2AsthmaIU_10.wav,P2AsthmaIU_10.wav,P2,shift,113,silence_file=im_lang_001.wav
Aug_0072_white_P2AsthmaIU_6.wav,P2AsthmaIU_6.wav,P2,white,114,noise_level=0.001
Aug_0073_stretch_P2AsthmaRL_7.wav,P2AsthmaRL_7.wav,P2,stretch,115,rate_range=0.8-1.2
Aug_0074_pitch_P2AsthmaRS_8.wav,P2AsthmaRS_8.wav,P2,pitch,116,n_steps_range=-0.5..0.5
Aug_0075_mix_P30WheezingIE_149.wav,P30WheezingIE_149.wav,P30,mix,117,noise_file=postcard_030.wav
Aug_0076_shift_P30WheezingIU_146.wav,P30WheezingIU_146.wav,P30,shift,118,silence_file=im_lang_045.wav
Aug_0077_white_P30WheezingIU_150.wav,P30WheezingIU_150.wav,P30,white,119,noise_level=0.001
Aug_0078_stretch_P30WheezingRL_147.wav,P30WheezingRL_147.wav,P30,stretch,120,rate_range=0.8-1.2
Aug_0079_pitch_P30WheezingRS_148.wav,P30WheezingRS_148.wav,P30,pitch,121,n_steps_range=-0.5..0.5
Aug_0080_mix_P31WheezingIE_153.wav,P31WheezingIE_153.wav,P31,mix,122,noise_file=quat_phim_005.wav
Aug_0081_shift_P31WheezingIU_154.wav,P31WheezingIU_154.wav,P31,shift,123,silence_file=im_lang_003.wav
Aug_0082_white_P31WheezingRL_151.wav,P31WheezingRL_151.wav,P31,white,124,noise_level=0.001
Aug_0083_stretch_P31WheezingRL_155.wav,P31WheezingRL_155.wav,P31,stretch,125,rate_range=0.8-1.2
Aug_0084_pitch_P31WheezingRS_152.wav,P31WheezingRS_152.wav,P31,pitch,126,n_steps_range=-0.5..0.5
Aug_0085_mix_P32WheezingIE_157.wav,P32WheezingIE_157.wav,P32,mix,127,noise_file=postcard_005.wav
Aug_0086_shift_P32WheezingIU_158.wav,P32WheezingIU_158.wav,P32,shift,128,silence_file=im_lang_054.wav
Aug_0087_white_P32WheezingRL_159.wav,P32WheezingRL_159.wav,P32,white,129,noise_level=0.001
Aug_0088_stretch_P32WheezingRS_156.wav,P32WheezingRS_156.wav,P32,stretch,130,rate_range=0.8-1.2
Aug_0089_pitch_P32WheezingRS_160.wav,P32WheezingRS_160.wav,P32,pitch,131,n_steps_range=-0.5..0.5
Aug_0090_mix_P33WheezingIE_161.wav,P33WheezingIE_161.wav,P33,mix,132,noise_file=postcard_052.wav
Aug_0091_shift_P33WheezingIE_165.wav,P33WheezingIE_165.wav,P33,shift,133,silence_file=im_lang_031.wav
Aug_0092_white_P33WheezingIU_162.wav,P33WheezingIU_162.wav,P33,white,134,noise_level=0.001
Aug_0093_stretch_P33WheezingRL_163.wav,P33WheezingRL_163.wav,P33,stretch,135,rate_range=0.8-1.2
Aug_0094_pitch_P33WheezingRS_164.wav,P33WheezingRS_164.wav,P33,pitch,136,n_steps_range=-0.5..0.5
Aug_0095_mix_P34WheezingIE_169.wav,P34WheezingIE_169.wav,P34,mix,137,noise_file=postcard_009.wav
Aug_0096_shift_P34WheezingIU_166.wav,P34WheezingIU_166.wav,P34,shift,138,silence_file=im_lang_012.wav
Aug_0097_white_P34WheezingIU_170.wav,P34WheezingIU_170.wav,P34,white,139,noise_level=0.001
Aug_0098_stretch_P34WheezingRL_167.wav,P34WheezingRL_167.wav,P34,stretch,140,rate_range=0.8-1.2
Aug_0099_pitch_P34WheezingRS_168.wav,P34WheezingRS_168.wav,P34,pitch,141,n_steps_range=-0.5..0.5
Aug_0100_mix_P35WheezingIE_173.wav,P35WheezingIE_173.wav,P35,mix,142,noise_file=quat_phim_014.wav
Aug_0101_shift_P35WheezingIU_174.wav,P35WheezingIU_174.wav,P35,shift,143,silence_file=im_lang_058.wav
Aug_0102_white_P35WheezingRL_171.wav,P35WheezingRL_171.wav,P35,white,144,noise_level=0.001
Aug_0103_stretch_P35WheezingRL_175.wav,P35WheezingRL_175.wav,P35,stretch,145,rate_range=0.8-1.2
Aug_0104_pitch_P35WheezingRS_172.wav,P35WheezingRS_172.wav,P35,pitch,146,n_steps_range=-0.5..0.5
Aug_0105_mix_P36WheezingIE_177.wav,P36WheezingIE_177.wav,P36,mix,147,noise_file=quat_phim_017.wav
Aug_0106_shift_P36WheezingIU_178.wav,P36WheezingIU_178.wav,P36,shift,148,silence_file=im_lang_025.wav
Aug_0107_white_P36WheezingRL_179.wav,P36WheezingRL_179.wav,P36,white,149,noise_level=0.001
Aug_0108_stretch_P36WheezingRS_176.wav,P36WheezingRS_176.wav,P36,stretch,150,rate_range=0.8-1.2
Aug_0109_pitch_P36WheezingRS_180.wav,P36WheezingRS_180.wav,P36,pitch,151,n_steps_range=-0.5..0.5
Aug_0110_mix_P37WheezingIE_181.wav,P37WheezingIE_181.wav,P37,mix,152,noise_file=quat_phim_036.wav
Aug_0111_shift_P37WheezingIE_185.wav,P37WheezingIE_185.wav,P37,shift,153,silence_file=im_lang_031.wav
Aug_0112_white_P37WheezingIU_182.wav,P37WheezingIU_182.wav,P37,white,154,noise_level=0.001
Aug_0113_stretch_P37WheezingRL_183.wav,P37WheezingRL_183.wav,P37,stretch,155,rate_range=0.8-1.2
Aug_0114_pitch_P37WheezingRS_184.wav,P37WheezingRS_184.wav,P37,pitch,156,n_steps_range=-0.5..0.5
Aug_0115_mix_P38WheezingIE_189.wav,P38WheezingIE_189.wav,P38,mix,157,noise_file=quat_phim_018.wav
Aug_0116_shift_P38WheezingIU_186.wav,P38WheezingIU_186.wav,P38,shift,158,silence_file=im_lang_043.wav
Aug_0117_white_P38WheezingIU_190.wav,P38WheezingIU_190.wav,P38,white,159,noise_level=0.001
Aug_0118_stretch_P38WheezingRL_187.wav,P38WheezingRL_187.wav,P38,stretch,160,rate_range=0.8-1.2
Aug_0119_pitch_P38WheezingRS_188.wav,P38WheezingRS_188.wav,P38,pitch,161,n_steps_range=-0.5..0.5
Aug_0120_mix_P39WheezingIE_193.wav,P39WheezingIE_193.wav,P39,mix,162,noise_file=postcard_006.wav
Aug_0121_shift_P39WheezingIU_194.wav,P39WheezingIU_194.wav,P39,shift,163,silence_file=im_lang_034.wav
Aug_0122_white_P39WheezingRL_191.wav,P39WheezingRL_191.wav,P39,white,164,noise_level=0.001
Aug_0123_stretch_P39WheezingRL_195.wav,P39WheezingRL_195.wav,P39,stretch,165,rate_range=0.8-1.2
Aug_0124_pitch_P39WheezingRS_192.wav,P39WheezingRS_192.wav,P39,pitch,166,n_steps_range=-0.5..0.5
Aug_0125_mix_P3AsthmaIE_13.wav,P3AsthmaIE_13.wav,P3,mix,167,noise_file=postcard_029.wav
Aug_0126_shift_P3AsthmaIU_14.wav,P3AsthmaIU_14.wav,P3,shift,168,silence_file=im_lang_047.wav
Aug_0127_white_P3AsthmaRL_11.wav,P3AsthmaRL_11.wav,P3,white,169,noise_level=0.001
Aug_0128_stretch_P3AsthmaRL_15.wav,P3AsthmaRL_15.wav,P3,stretch,170,rate_range=0.8-1.2
Aug_0129_pitch_P3AsthmaRS_12.wav,P3AsthmaRS_12.wav,P3,pitch,171,n_steps_range=-0.5..0.5
Aug_0130_mix_P40WheezingIE_197.wav,P40WheezingIE_197.wav,P40,mix,172,noise_file=postcard_045.wav
Aug_0131_shift_P40WheezingIU_198.wav,P40WheezingIU_198.wav,P40,shift,173,silence_file=im_lang_020.wav
Aug_0132_white_P40WheezingRL_199.wav,P40WheezingRL_199.wav,P40,white,174,noise_level=0.001
Aug_0133_stretch_P40WheezingRS_196.wav,P40WheezingRS_196.wav,P40,stretch,175,rate_range=0.8-1.2
Aug_0134_pitch_P40WheezingRS_200.wav,P40WheezingRS_200.wav,P40,pitch,176,n_steps_range=-0.5..0.5
Aug_0135_mix_P42WheezingIE_209.wav,P42WheezingIE_209.wav,P42,mix,177,noise_file=postcard_027.wav
Aug_0136_shift_P42WheezingIU_206.wav,P42WheezingIU_206.wav,P42,shift,178,silence_file=im_lang_007.wav
Aug_0137_white_P42WheezingIU_210.wav,P42WheezingIU_210.wav,P42,white,179,noise_level=0.001
Aug_0138_stretch_P42WheezingRL_207.wav,P42WheezingRL_207.wav,P42,stretch,180,rate_range=0.8-1.2
Aug_0139_pitch_P42WheezingRS_208.wav,P42WheezingRS_208.wav,P42,pitch,181,n_steps_range=-0.5..0.5
Aug_0140_mix_P43WheezingIE_213.wav,P43WheezingIE_213.wav,P43,mix,182,noise_file=postcard_057.wav
Aug_0141_shift_P43WheezingIU_214.wav,P43WheezingIU_214.wav,P43,shift,183,silence_file=im_lang_006.wav
Aug_0142_white_P43WheezingRL_211.wav,P43WheezingRL_211.wav,P43,white,184,noise_level=0.001
Aug_0143_stretch_P43WheezingRL_215.wav,P43WheezingRL_215.wav,P43,stretch,185,rate_range=0.8-1.2
Aug_0144_pitch_P43WheezingRS_212.wav,P43WheezingRS_212.wav,P43,pitch,186,n_steps_range=-0.5..0.5
Aug_0145_mix_P44WheezingIE_217.wav,P44WheezingIE_217.wav,P44,mix,187,noise_file=postcard_044.wav
Aug_0146_shift_P44WheezingIU_218.wav,P44WheezingIU_218.wav,P44,shift,188,silence_file=im_lang_050.wav
Aug_0147_white_P44WheezingRL_219.wav,P44WheezingRL_219.wav,P44,white,189,noise_level=0.001
Aug_0148_stretch_P44WheezingRS_216.wav,P44WheezingRS_216.wav,P44,stretch,190,rate_range=0.8-1.2
Aug_0149_pitch_P44WheezingRS_220.wav,P44WheezingRS_220.wav,P44,pitch,191,n_steps_range=-0.5..0.5
Aug_0150_mix_P45WheezingIE_221.wav,P45WheezingIE_221.wav,P45,mix,192,noise_file=postcard_047.wav
Aug_0151_shift_P45WheezingIE_225.wav,P45WheezingIE_225.wav,P45,shift,193,silence_file=im_lang_035.wav
Aug_0152_white_P45WheezingIU_222.wav,P45WheezingIU_222.wav,P45,white,194,noise_level=0.001
Aug_0153_stretch_P45WheezingRL_223.wav,P45WheezingRL_223.wav,P45,stretch,195,rate_range=0.8-1.2
Aug_0154_pitch_P45WheezingRS_224.wav,P45WheezingRS_224.wav,P45,pitch,196,n_steps_range=-0.5..0.5
Aug_0155_mix_P46WheezingIE_229.wav,P46WheezingIE_229.wav,P46,mix,197,noise_file=quat_phim_009.wav
Aug_0156_shift_P46WheezingIU_226.wav,P46WheezingIU_226.wav,P46,shift,198,silence_file=im_lang_003.wav
Aug_0157_white_P46WheezingIU_230.wav,P46WheezingIU_230.wav,P46,white,199,noise_level=0.001
Aug_0158_stretch_P46WheezingRL_227.wav,P46WheezingRL_227.wav,P46,stretch,200,rate_range=0.8-1.2
Aug_0159_pitch_P46WheezingRS_228.wav,P46WheezingRS_228.wav,P46,pitch,201,n_steps_range=-0.5..0.5
Aug_0160_mix_P48WheezingIE_237.wav,P48WheezingIE_237.wav,P48,mix,202,noise_file=quat_phim_037.wav
Aug_0161_shift_P48WheezingIU_238.wav,P48WheezingIU_238.wav,P48,shift,203,silence_file=im_lang_005.wav
Aug_0162_white_P48WheezingRL_239.wav,P48WheezingRL_239.wav,P48,white,204,noise_level=0.001
Aug_0163_stretch_P48WheezingRS_236.wav,P48WheezingRS_236.wav,P48,stretch,205,rate_range=0.8-1.2
Aug_0164_pitch_P48WheezingRS_240.wav,P48WheezingRS_240.wav,P48,pitch,206,n_steps_range=-0.5..0.5
Aug_0165_mix_P49WheezingIE_241.wav,P49WheezingIE_241.wav,P49,mix,207,noise_file=quat_phim_004.wav
Aug_0166_shift_P49WheezingIE_245.wav,P49WheezingIE_245.wav,P49,shift,208,silence_file=im_lang_017.wav
Aug_0167_white_P49WheezingIU_242.wav,P49WheezingIU_242.wav,P49,white,209,noise_level=0.001
Aug_0168_stretch_P49WheezingRL_243.wav,P49WheezingRL_243.wav,P49,stretch,210,rate_range=0.8-1.2
Aug_0169_pitch_P49WheezingRS_244.wav,P49WheezingRS_244.wav,P49,pitch,211,n_steps_range=-0.5..0.5
Aug_0170_mix_P50WheezingIE_249.wav,P50WheezingIE_249.wav,P50,mix,212,noise_file=postcard_050.wav
Aug_0171_shift_P50WheezingIU_246.wav,P50WheezingIU_246.wav,P50,shift,213,silence_file=im_lang_009.wav
Aug_0172_white_P50WheezingIU_250.wav,P50WheezingIU_250.wav,P50,white,214,noise_level=0.001
Aug_0173_stretch_P50WheezingRL_247.wav,P50WheezingRL_247.wav,P50,stretch,215,rate_range=0.8-1.2
Aug_0174_pitch_P50WheezingRS_248.wav,P50WheezingRS_248.wav,P50,pitch,216,n_steps_range=-0.5..0.5
Aug_0175_mix_P51WheezingIE_253.wav,P51WheezingIE_253.wav,P51,mix,217,noise_file=postcard_036.wav
Aug_0176_shift_P51WheezingIU_254.wav,P51WheezingIU_254.wav,P51,shift,218,silence_file=im_lang_019.wav
Aug_0177_white_P51WheezingRL_251.wav,P51WheezingRL_251.wav,P51,white,219,noise_level=0.001
Aug_0178_stretch_P51WheezingRL_255.wav,P51WheezingRL_255.wav,P51,stretch,220,rate_range=0.8-1.2
Aug_0179_pitch_P51WheezingRS_252.wav,P51WheezingRS_252.wav,P51,pitch,221,n_steps_range=-0.5..0.5
Aug_0180_mix_P52WheezingIE_257.wav,P52WheezingIE_257.wav,P52,mix,222,noise_file=quat_phim_039.wav
Aug_0181_shift_P52WheezingIU_258.wav,P52WheezingIU_258.wav,P52,shift,223,silence_file=im_lang_021.wav
Aug_0182_white_P52WheezingRL_259.wav,P52WheezingRL_259.wav,P52,white,224,noise_level=0.001
Aug_0183_stretch_P52WheezingRS_256.wav,P52WheezingRS_256.wav,P52,stretch,225,rate_range=0.8-1.2
Aug_0184_pitch_P52WheezingRS_260.wav,P52WheezingRS_260.wav,P52,pitch,226,n_steps_range=-0.5..0.5
Aug_0185_mix_P54WheezingIE_269.wav,P54WheezingIE_269.wav,P54,mix,227,noise_file=postcard_051.wav
Aug_0186_shift_P54WheezingIU_266.wav,P54WheezingIU_266.wav,P54,shift,228,silence_file=im_lang_058.wav
Aug_0187_white_P54WheezingIU_270.wav,P54WheezingIU_270.wav,P54,white,229,noise_level=0.001
Aug_0188_stretch_P54WheezingRL_267.wav,P54WheezingRL_267.wav,P54,stretch,230,rate_range=0.8-1.2
Aug_0189_pitch_P54WheezingRS_268.wav,P54WheezingRS_268.wav,P54,pitch,231,n_steps_range=-0.5..0.5
Aug_0190_mix_P55WheezingIE_273.wav,P55WheezingIE_273.wav,P55,mix,232,noise_file=postcard_035.wav
Aug_0191_shift_P55WheezingIU_274.wav,P55WheezingIU_274.wav,P55,shift,233,silence_file=im_lang_043.wav
Aug_0192_white_P55WheezingRL_271.wav,P55WheezingRL_271.wav,P55,white,234,noise_level=0.001
Aug_0193_stretch_P55WheezingRL_275.wav,P55WheezingRL_275.wav,P55,stretch,235,rate_range=0.8-1.2
Aug_0194_pitch_P55WheezingRS_272.wav,P55WheezingRS_272.wav,P55,pitch,236,n_steps_range=-0.5..0.5
Aug_0195_mix_P56WheezingIE_277.wav,P56WheezingIE_277.wav,P56,mix,237,noise_file=quat_phim_019.wav
Aug_0196_shift_P56WheezingIU_278.wav,P56WheezingIU_278.wav,P56,shift,238,silence_file=im_lang_050.wav
Aug_0197_white_P56WheezingRL_279.wav,P56WheezingRL_279.wav,P56,white,239,noise_level=0.001
Aug_0198_stretch_P56WheezingRS_276.wav,P56WheezingRS_276.wav,P56,stretch,240,rate_range=0.8-1.2
Aug_0199_pitch_P56WheezingRS_280.wav,P56WheezingRS_280.wav,P56,pitch,241,n_steps_range=-0.5..0.5
Aug_0200_mix_P57WheezingIE_281.wav,P57WheezingIE_281.wav,P57,mix,242,noise_file=postcard_042.wav
Aug_0201_shift_P57WheezingIE_285.wav,P57WheezingIE_285.wav,P57,shift,243,silence_file=im_lang_057.wav
Aug_0202_white_P57WheezingIU_282.wav,P57WheezingIU_282.wav,P57,white,244,noise_level=0.001
Aug_0203_stretch_P57WheezingRL_283.wav,P57WheezingRL_283.wav,P57,stretch,245,rate_range=0.8-1.2
Aug_0204_pitch_P57WheezingRS_284.wav,P57WheezingRS_284.wav,P57,pitch,246,n_steps_range=-0.5..0.5
Aug_0205_mix_P58WheezingIU_286.wav,P58WheezingIU_286.wav,P58,mix,247,noise_file=postcard_058.wav
Aug_0206_shift_P58WheezingRL_287.wav,P58WheezingRL_287.wav,P58,shift,248,silence_file=im_lang_053.wav
Aug_0207_white_P58WheezingRS_288.wav,P58WheezingRS_288.wav,P58,white,249,noise_level=0.001
Aug_0208_stretch_P5AsthmaIE_21.wav,P5AsthmaIE_21.wav,P5,stretch,250,rate_range=0.8-1.2
Aug_0209_pitch_P5AsthmaIE_25.wav,P5AsthmaIE_25.wav,P5,pitch,251,n_steps_range=-0.5..0.5
Aug_0210_mix_P5AsthmaIU_22.wav,P5AsthmaIU_22.wav,P5,mix,252,noise_file=quat_phim_039.wav
Aug_0211_shift_P5AsthmaRL_23.wav,P5AsthmaRL_23.wav,P5,shift,253,silence_file=im_lang_034.wav
Aug_0212_white_P5AsthmaRS_24.wav,P5AsthmaRS_24.wav,P5,white,254,noise_level=0.001
Aug_0213_stretch_P7AsthmaIE_33.wav,P7AsthmaIE_33.wav,P7,stretch,255,rate_range=0.8-1.2
Aug_0214_pitch_P7AsthmaIU_34.wav,P7AsthmaIU_34.wav,P7,pitch,256,n_steps_range=-0.5..0.5
Aug_0215_mix_P7AsthmaRL_31.wav,P7AsthmaRL_31.wav,P7,mix,257,noise_file=postcard_040.wav
Aug_0216_shift_P7AsthmaRL_35.wav,P7AsthmaRL_35.wav,P7,shift,258,silence_file=im_lang_041.wav
Aug_0217_white_P7AsthmaRS_32.wav,P7AsthmaRS_32.wav,P7,white,259,noise_level=0.001
Aug_0218_stretch_P8AsthmaIE_37.wav,P8AsthmaIE_37.wav,P8,stretch,260,rate_range=0.8-1.2
Aug_0219_pitch_P8AsthmaIU_38.wav,P8AsthmaIU_38.wav,P8,pitch,261,n_steps_range=-0.5..0.5
Aug_0220_mix_P8AsthmaRL_39.wav,P8AsthmaRL_39.wav,P8,mix,262,noise_file=postcard_040.wav
Aug_0221_shift_P8AsthmaRS_36.wav,P8AsthmaRS_36.wav,P8,shift,263,silence_file=im_lang_047.wav
Aug_0222_white_P8AsthmaRS_40.wav,P8AsthmaRS_40.wav,P8,white,264,noise_level=0.001
Aug_0223_stretch_P9AsthmaIE_41.wav,P9AsthmaIE_41.wav,P9,stretch,265,rate_range=0.8-1.2
Aug_0224_pitch_P9AsthmaIE_45.wav,P9AsthmaIE_45.wav,P9,pitch,266,n_steps_range=-0.5..0.5
Aug_0225_mix_P9AsthmaIU_42.wav,P9AsthmaIU_42.wav,P9,mix,267,noise_file=postcard_025.wav
Aug_0226_shift_P9AsthmaRL_43.wav,P9AsthmaRL_43.wav,P9,shift,268,silence_file=im_lang_048.wav
Aug_0227_white_P9AsthmaRS_44.wav,P9AsthmaRS_44.wav,P9,white,269,noise_level=0.001
Aug_0228_stretch_P10AsthmaIE_49.wav,P10AsthmaIE_49.wav,P10,stretch,270,rate_range=0.8-1.2
Aug_0229_pitch_P10AsthmaIU_46.wav,P10AsthmaIU_46.wav,P10,pitch,271,n_steps_range=-0.5..0.5
Aug_0230_mix_P10AsthmaIU_50.wav,P10AsthmaIU_50.wav,P10,mix,272,noise_file=quat_phim_001.wav
Aug_0231_shift_P10AsthmaRL_47.wav,P10AsthmaRL_47.wav,P10,shift,273,silence_file=im_lang_012.wav
Aug_0232_white_P10AsthmaRS_48.wav,P10AsthmaRS_48.wav,P10,white,274,noise_level=0.001
Aug_0233_stretch_P12WheezingIE_57.wav,P12WheezingIE_57.wav,P12,stretch,275,rate_range=0.8-1.2
Aug_0234_pitch_P12WheezingIU_58.wav,P12WheezingIU_58.wav,P12,pitch,276,n_steps_range=-0.5..0.5
Aug_0235_mix_P12WheezingRL_59.wav,P12WheezingRL_59.wav,P12,mix,277,noise_file=quat_phim_055.wav
Aug_0236_shift_P12WheezingRS_56.wav,P12WheezingRS_56.wav,P12,shift,278,silence_file=im_lang_058.wav
Aug_0237_white_P12WheezingRS_60.wav,P12WheezingRS_60.wav,P12,white,279,noise_level=0.001
Aug_0238_stretch_P13WheezingIE_61.wav,P13WheezingIE_61.wav,P13,stretch,280,rate_range=0.8-1.2
Aug_0239_pitch_P13WheezingIE_65.wav,P13WheezingIE_65.wav,P13,pitch,281,n_steps_range=-0.5..0.5
Aug_0240_mix_P13WheezingIU_62.wav,P13WheezingIU_62.wav,P13,mix,282,noise_file=quat_phim_025.wav
Aug_0241_shift_P13WheezingRL_63.wav,P13WheezingRL_63.wav,P13,shift,283,silence_file=im_lang_046.wav
Aug_0242_white_P13WheezingRS_64.wav,P13WheezingRS_64.wav,P13,white,284,noise_level=0.001
Aug_0243_stretch_P14WheezingIE_69.wav,P14WheezingIE_69.wav,P14,stretch,285,rate_range=0.8-1.2
Aug_0244_pitch_P14WheezingIU_66.wav,P14WheezingIU_66.wav,P14,pitch,286,n_steps_range=-0.5..0.5
Aug_0245_mix_P14WheezingIU_70.wav,P14WheezingIU_70.wav,P14,mix,287,noise_file=quat_phim_011.wav
Aug_0246_shift_P14WheezingRL_67.wav,P14WheezingRL_67.wav,P14,shift,288,silence_file=im_lang_059.wav
Aug_0247_white_P14WheezingRS_68.wav,P14WheezingRS_68.wav,P14,white,289,noise_level=0.001
Aug_0248_stretch_P15WheezingIE_73.wav,P15WheezingIE_73.wav,P15,stretch,290,rate_range=0.8-1.2
Aug_0249_pitch_P15WheezingIU_74.wav,P15WheezingIU_74.wav,P15,pitch,291,n_steps_range=-0.5..0.5
Aug_0250_mix_P15WheezingRL_71.wav,P15WheezingRL_71.wav,P15,mix,292,noise_file=quat_phim_038.wav
Aug_0251_shift_P15WheezingRL_75.wav,P15WheezingRL_75.wav,P15,shift,293,silence_file=im_lang_030.wav
Aug_0252_white_P15WheezingRS_72.wav,P15WheezingRS_72.wav,P15,white,294,noise_level=0.001
Aug_0253_stretch_P19WheezingIE_93.wav,P19WheezingIE_93.wav,P19,stretch,295,rate_range=0.8-1.2
Aug_0254_pitch_P19WheezingIU_94.wav,P19WheezingIU_94.wav,P19,pitch,296,n_steps_range=-0.5..0.5
Aug_0255_mix_P19WheezingRL_91.wav,P19WheezingRL_91.wav,P19,mix,297,noise_file=quat_phim_007.wav
Aug_0256_shift_P19WheezingRL_95.wav,P19WheezingRL_95.wav,P19,shift,298,silence_file=im_lang_013.wav
Aug_0257_white_P19WheezingRS_92.wav,P19WheezingRS_92.wav,P19,white,299,noise_level=0.001
Aug_0258_stretch_P1AsthmaIE_1.wav,P1AsthmaIE_1.wav,P1,stretch,300,rate_range=0.8-1.2
Aug_0259_pitch_P1AsthmaIE_5.wav,P1AsthmaIE_5.wav,P1,pitch,301,n_steps_range=-0.5..0.5
Aug_0260_mix_P1AsthmaIU_2.wav,P1AsthmaIU_2.wav,P1,mix,302,noise_file=quat_phim_011.wav
Aug_0261_shift_P1AsthmaRL_3.wav,P1AsthmaRL_3.wav,P1,shift,303,silence_file=im_lang_002.wav
Aug_0262_white_P1AsthmaRS_4.wav,P1AsthmaRS_4.wav,P1,white,304,noise_level=0.001
Aug_0263_stretch_P20WheezingIE_97.wav,P20WheezingIE_97.wav,P20,stretch,305,rate_range=0.8-1.2
Aug_0264_pitch_P20WheezingIU_98.wav,P20WheezingIU_98.wav,P20,pitch,306,n_steps_range=-0.5..0.5
Aug_0265_mix_P20WheezingRL_99.wav,P20WheezingRL_99.wav,P20,mix,307,noise_file=quat_phim_021.wav
Aug_0266_shift_P20WheezingRS_100.wav,P20WheezingRS_100.wav,P20,shift,308,silence_file=im_lang_011.wav
Aug_0267_white_P20WheezingRS_96.wav,P20WheezingRS_96.wav,P20,white,309,noise_level=0.001
Aug_0268_stretch_P21WheezingIE_101.wav,P21WheezingIE_101.wav,P21,stretch,310,rate_range=0.8-1.2
Aug_0269_pitch_P21WheezingIE_105.wav,P21WheezingIE_105.wav,P21,pitch,311,n_steps_range=-0.5..0.5
Aug_0270_mix_P21WheezingIU_102.wav,P21WheezingIU_102.wav,P21,mix,312,noise_file=quat_phim_023.wav
Aug_0271_shift_P21WheezingRL_103.wav,P21WheezingRL_103.wav,P21,shift,313,silence_file=im_lang_036.wav
Aug_0272_white_P21WheezingRS_104.wav,P21WheezingRS_104.wav,P21,white,314,noise_level=0.001
Aug_0273_stretch_P22WheezingIE_109.wav,P22WheezingIE_109.wav,P22,stretch,315,rate_range=0.8-1.2
Aug_0274_pitch_P22WheezingIU_106.wav,P22WheezingIU_106.wav,P22,pitch,316,n_steps_range=-0.5..0.5
Aug_0275_mix_P22WheezingIU_110.wav,P22WheezingIU_110.wav,P22,mix,317,noise_file=postcard_059.wav
Aug_0276_shift_P22WheezingRL_107.wav,P22WheezingRL_107.wav,P22,shift,318,silence_file=im_lang_044.wav
Aug_0277_white_P22WheezingRS_108.wav,P22WheezingRS_108.wav,P22,white,319,noise_level=0.001
Aug_0278_stretch_P25WheezingIE_121.wav,P25WheezingIE_121.wav,P25,stretch,320,rate_range=0.8-1.2
Aug_0279_pitch_P25WheezingIE_125.wav,P25WheezingIE_125.wav,P25,pitch,321,n_steps_range=-0.5..0.5
Aug_0280_mix_P25WheezingIU_122.wav,P25WheezingIU_122.wav,P25,mix,322,noise_file=quat_phim_051.wav
Aug_0281_shift_P25WheezingRL_123.wav,P25WheezingRL_123.wav,P25,shift,323,silence_file=im_lang_046.wav
Aug_0282_white_P25WheezingRS_124.wav,P25WheezingRS_124.wav,P25,white,324,noise_level=0.001
Aug_0283_stretch_P27WheezingIE_133.wav,P27WheezingIE_133.wav,P27,stretch,325,rate_range=0.8-1.2
Aug_0284_pitch_P27WheezingIU_134.wav,P27WheezingIU_134.wav,P27,pitch,326,n_steps_range=-0.5..0.5
Aug_0285_mix_P27WheezingRL_131.wav,P27WheezingRL_131.wav,P27,mix,327,noise_file=quat_phim_050.wav
Aug_0286_shift_P27WheezingRL_135.wav,P27WheezingRL_135.wav,P27,shift,328,silence_file=im_lang_041.wav
Aug_0287_white_P27WheezingRS_132.wav,P27WheezingRS_132.wav,P27,white,329,noise_level=0.001
Aug_0288_stretch_P28WheezingIE_137.wav,P28WheezingIE_137.wav,P28,stretch,330,rate_range=0.8-1.2
Aug_0289_pitch_P28WheezingIU_138.wav,P28WheezingIU_138.wav,P28,pitch,331,n_steps_range=-0.5..0.5
Aug_0290_mix_P28WheezingRL_139.wav,P28WheezingRL_139.wav,P28,mix,332,noise_file=postcard_031.wav
Aug_0291_shift_P28WheezingRS_136.wav,P28WheezingRS_136.wav,P28,shift,333,silence_file=im_lang_035.wav
Aug_0292_white_P28WheezingRS_140.wav,P28WheezingRS_140.wav,P28,white,334,noise_level=0.001
Aug_0293_stretch_P29WheezingIE_141.wav,P29WheezingIE_141.wav,P29,stretch,335,rate_range=0.8-1.2
Aug_0294_pitch_P29WheezingIE_145.wav,P29WheezingIE_145.wav,P29,pitch,336,n_steps_range=-0.5..0.5
Aug_0295_mix_P29WheezingIU_142.wav,P29WheezingIU_142.wav,P29,mix,337,noise_file=postcard_025.wav
Aug_0296_shift_P29WheezingRL_143.wav,P29WheezingRL_143.wav,P29,shift,338,silence_file=im_lang_007.wav
Aug_0297_white_P29WheezingRS_144.wav,P29WheezingRS_144.wav,P29,white,339,noise_level=0.001
Aug_0298_stretch_P2AsthmaIE_9.wav,P2AsthmaIE_9.wav,P2,stretch,340,rate_range=0.8-1.2
Aug_0299_pitch_P2AsthmaIU_10.wav,P2AsthmaIU_10.wav,P2,pitch,341,n_steps_range=-0.5..0.5
Aug_0300_mix_P2AsthmaIU_6.wav,P2AsthmaIU_6.wav,P2,mix,342,noise_file=postcard_015.wav
Aug_0301_shift_P2AsthmaRL_7.wav,P2AsthmaRL_7.wav,P2,shift,343,silence_file=im_lang_012.wav
Aug_0302_white_P2AsthmaRS_8.wav,P2AsthmaRS_8.wav,P2,white,344,noise_level=0.001
Aug_0303_stretch_P30WheezingIE_149.wav,P30WheezingIE_149.wav,P30,stretch,345,rate_range=0.8-1.2
Aug_0304_pitch_P30WheezingIU_146.wav,P30WheezingIU_146.wav,P30,pitch,346,n_steps_range=-0.5..0.5
Aug_0305_mix_P30WheezingIU_150.wav,P30WheezingIU_150.wav,P30,mix,347,noise_file=postcard_044.wav
Aug_0306_shift_P30WheezingRL_147.wav,P30WheezingRL_147.wav,P30,shift,348,silence_file=im_lang_055.wav
Aug_0307_white_P30WheezingRS_148.wav,P30WheezingRS_148.wav,P30,white,349,noise_level=0.001
Aug_0308_stretch_P31WheezingIE_153.wav,P31WheezingIE_153.wav,P31,stretch,350,rate_range=0.8-1.2
Aug_0309_pitch_P31WheezingIU_154.wav,P31WheezingIU_154.wav,P31,pitch,351,n_steps_range=-0.5..0.5
Aug_0310_mix_P31WheezingRL_151.wav,P31WheezingRL_151.wav,P31,mix,352,noise_file=quat_phim_053.wav
Aug_0311_shift_P31WheezingRL_155.wav,P31WheezingRL_155.wav,P31,shift,353,silence_file=im_lang_006.wav
Aug_0312_white_P31WheezingRS_152.wav,P31WheezingRS_152.wav,P31,white,354,noise_level=0.001
Aug_0313_stretch_P32WheezingIE_157.wav,P32WheezingIE_157.wav,P32,stretch,355,rate_range=0.8-1.2
Aug_0314_pitch_P32WheezingIU_158.wav,P32WheezingIU_158.wav,P32,pitch,356,n_steps_range=-0.5..0.5
Aug_0315_mix_P32WheezingRL_159.wav,P32WheezingRL_159.wav,P32,mix,357,noise_file=postcard_023.wav
Aug_0316_shift_P32WheezingRS_156.wav,P32WheezingRS_156.wav,P32,shift,358,silence_file=im_lang_048.wav
Aug_0317_white_P32WheezingRS_160.wav,P32WheezingRS_160.wav,P32,white,359,noise_level=0.001
Aug_0318_stretch_P33WheezingIE_161.wav,P33WheezingIE_161.wav,P33,stretch,360,rate_range=0.8-1.2
Aug_0319_pitch_P33WheezingIE_165.wav,P33WheezingIE_165.wav,P33,pitch,361,n_steps_range=-0.5..0.5
Aug_0320_mix_P33WheezingIU_162.wav,P33WheezingIU_162.wav,P33,mix,362,noise_file=quat_phim_038.wav
Aug_0321_shift_P33WheezingRL_163.wav,P33WheezingRL_163.wav,P33,shift,363,silence_file=im_lang_049.wav
Aug_0322_white_P33WheezingRS_164.wav,P33WheezingRS_164.wav,P33,white,364,noise_level=0.001
Aug_0323_stretch_P34WheezingIE_169.wav,P34WheezingIE_169.wav,P34,stretch,365,rate_range=0.8-1.2
Aug_0324_pitch_P34WheezingIU_166.wav,P34WheezingIU_166.wav,P34,pitch,366,n_steps_range=-0.5..0.5
Aug_0325_mix_P34WheezingIU_170.wav,P34WheezingIU_170.wav,P34,mix,367,noise_file=postcard_004.wav
Aug_0326_shift_P34WheezingRL_167.wav,P34WheezingRL_167.wav,P34,shift,368,silence_file=im_lang_056.wav
Aug_0327_white_P34WheezingRS_168.wav,P34WheezingRS_168.wav,P34,white,369,noise_level=0.001
Aug_0328_stretch_P35WheezingIE_173.wav,P35WheezingIE_173.wav,P35,stretch,370,rate_range=0.8-1.2
Aug_0329_pitch_P35WheezingIU_174.wav,P35WheezingIU_174.wav,P35,pitch,371,n_steps_range=-0.5..0.5
Aug_0330_mix_P35WheezingRL_171.wav,P35WheezingRL_171.wav,P35,mix,372,noise_file=postcard_015.wav
Aug_0331_shift_P35WheezingRL_175.wav,P35WheezingRL_175.wav,P35,shift,373,silence_file=im_lang_002.wav
Aug_0332_white_P35WheezingRS_172.wav,P35WheezingRS_172.wav,P35,white,374,noise_level=0.001
Aug_0333_stretch_P36WheezingIE_177.wav,P36WheezingIE_177.wav,P36,stretch,375,rate_range=0.8-1.2
Aug_0334_pitch_P36WheezingIU_178.wav,P36WheezingIU_178.wav,P36,pitch,376,n_steps_range=-0.5..0.5
Aug_0335_mix_P36WheezingRL_179.wav,P36WheezingRL_179.wav,P36,mix,377,noise_file=postcard_030.wav
Aug_0336_shift_P36WheezingRS_176.wav,P36WheezingRS_176.wav,P36,shift,378,silence_file=im_lang_001.wav
Aug_0337_white_P36WheezingRS_180.wav,P36WheezingRS_180.wav,P36,white,379,noise_level=0.001
Aug_0338_stretch_P37WheezingIE_181.wav,P37WheezingIE_181.wav,P37,stretch,380,rate_range=0.8-1.2
Aug_0339_pitch_P37WheezingIE_185.wav,P37WheezingIE_185.wav,P37,pitch,381,n_steps_range=-0.5..0.5
Aug_0340_mix_P37WheezingIU_182.wav,P37WheezingIU_182.wav,P37,mix,382,noise_file=postcard_007.wav
Aug_0341_shift_P37WheezingRL_183.wav,P37WheezingRL_183.wav,P37,shift,383,silence_file=im_lang_033.wav
Aug_0342_white_P37WheezingRS_184.wav,P37WheezingRS_184.wav,P37,white,384,noise_level=0.001
Aug_0343_stretch_P38WheezingIE_189.wav,P38WheezingIE_189.wav,P38,stretch,385,rate_range=0.8-1.2
Aug_0344_pitch_P38WheezingIU_186.wav,P38WheezingIU_186.wav,P38,pitch,386,n_steps_range=-0.5..0.5
Aug_0345_mix_P38WheezingIU_190.wav,P38WheezingIU_190.wav,P38,mix,387,noise_file=postcard_056.wav
Aug_0346_shift_P38WheezingRL_187.wav,P38WheezingRL_187.wav,P38,shift,388,silence_file=im_lang_051.wav
Aug_0347_white_P38WheezingRS_188.wav,P38WheezingRS_188.wav,P38,white,389,noise_level=0.001
Aug_0348_stretch_P39WheezingIE_193.wav,P39WheezingIE_193.wav,P39,stretch,390,rate_range=0.8-1.2
Aug_0349_pitch_P39WheezingIU_194.wav,P39WheezingIU_194.wav,P39,pitch,391,n_steps_range=-0.5..0.5
Aug_0350_mix_P39WheezingRL_191.wav,P39WheezingRL_191.wav,P39,mix,392,noise_file=quat_phim_018.wav
Aug_0351_shift_P39WheezingRL_195.wav,P39WheezingRL_195.wav,P39,shift,393,silence_file=im_lang_023.wav
Aug_0352_white_P39WheezingRS_192.wav,P39WheezingRS_192.wav,P39,white,394,noise_level=0.001
Aug_0353_stretch_P3AsthmaIE_13.wav,P3AsthmaIE_13.wav,P3,stretch,395,rate_range=0.8-1.2
Aug_0354_pitch_P3AsthmaIU_14.wav,P3AsthmaIU_14.wav,P3,pitch,396,n_steps_range=-0.5..0.5
Aug_0355_mix_P3AsthmaRL_11.wav,P3AsthmaRL_11.wav,P3,mix,397,noise_file=postcard_015.wav
Aug_0356_shift_P3AsthmaRL_15.wav,P3AsthmaRL_15.wav,P3,shift,398,silence_file=im_lang_059.wav
Aug_0357_white_P3AsthmaRS_12.wav,P3AsthmaRS_12.wav,P3,white,399,noise_level=0.001
Aug_0358_stretch_P40WheezingIE_197.wav,P40WheezingIE_197.wav,P40,stretch,400,rate_range=0.8-1.2
Aug_0359_pitch_P40WheezingIU_198.wav,P40WheezingIU_198.wav,P40,pitch,401,n_steps_range=-0.5..0.5
Aug_0360_mix_P40WheezingRL_199.wav,P40WheezingRL_199.wav,P40,mix,402,noise_file=quat_phim_045.wav
Aug_0361_shift_P40WheezingRS_196.wav,P40WheezingRS_196.wav,P40,shift,403,silence_file=im_lang_015.wav
Aug_0362_white_P40WheezingRS_200.wav,P40WheezingRS_200.wav,P40,white,404,noise_level=0.001
Aug_0363_stretch_P42WheezingIE_209.wav,P42WheezingIE_209.wav,P42,stretch,405,rate_range=0.8-1.2
Aug_0364_pitch_P42WheezingIU_206.wav,P42WheezingIU_206.wav,P42,pitch,406,n_steps_range=-0.5..0.5
Aug_0365_mix_P42WheezingIU_210.wav,P42WheezingIU_210.wav,P42,mix,407,noise_file=quat_phim_024.wav
Aug_0366_shift_P42WheezingRL_207.wav,P42WheezingRL_207.wav,P42,shift,408,silence_file=im_lang_051.wav
Aug_0367_white_P42WheezingRS_208.wav,P42WheezingRS_208.wav,P42,white,409,noise_level=0.001
Aug_0368_stretch_P43WheezingIE_213.wav,P43WheezingIE_213.wav,P43,stretch,410,rate_range=0.8-1.2
Aug_0369_pitch_P43WheezingIU_214.wav,P43WheezingIU_214.wav,P43,pitch,411,n_steps_range=-0.5..0.5
Aug_0370_mix_P43WheezingRL_211.wav,P43WheezingRL_211.wav,P43,mix,412,noise_file=postcard_036.wav
Aug_0371_shift_P43WheezingRL_215.wav,P43WheezingRL_215.wav,P43,shift,413,silence_file=im_lang_052.wav
Aug_0372_white_P43WheezingRS_212.wav,P43WheezingRS_212.wav,P43,white,414,noise_level=0.001
Aug_0373_stretch_P44WheezingIE_217.wav,P44WheezingIE_217.wav,P44,stretch,415,rate_range=0.8-1.2
Aug_0374_pitch_P44WheezingIU_218.wav,P44WheezingIU_218.wav,P44,pitch,416,n_steps_range=-0.5..0.5
Aug_0375_mix_P44WheezingRL_219.wav,P44WheezingRL_219.wav,P44,mix,417,noise_file=quat_phim_059.wav
Aug_0376_shift_P44WheezingRS_216.wav,P44WheezingRS_216.wav,P44,shift,418,silence_file=im_lang_020.wav
Aug_0377_white_P44WheezingRS_220.wav,P44WheezingRS_220.wav,P44,white,419,noise_level=0.001
Aug_0378_stretch_P45WheezingIE_221.wav,P45WheezingIE_221.wav,P45,stretch,420,rate_range=0.8-1.2
Aug_0379_pitch_P45WheezingIE_225.wav,P45WheezingIE_225.wav,P45,pitch,421,n_steps_range=-0.5..0.5
Aug_0380_mix_P45WheezingIU_222.wav,P45WheezingIU_222.wav,P45,mix,422,noise_file=postcard_049.wav
Aug_0381_shift_P45WheezingRL_223.wav,P45WheezingRL_223.wav,P45,shift,423,silence_file=im_lang_020.wav
Aug_0382_white_P45WheezingRS_224.wav,P45WheezingRS_224.wav,P45,white,424,noise_level=0.001
Aug_0383_stretch_P46WheezingIE_229.wav,P46WheezingIE_229.wav,P46,stretch,425,rate_range=0.8-1.2
Aug_0384_pitch_P46WheezingIU_226.wav,P46WheezingIU_226.wav,P46,pitch,426,n_steps_range=-0.5..0.5
Aug_0385_mix_P46WheezingIU_230.wav,P46WheezingIU_230.wav,P46,mix,427,noise_file=postcard_020.wav
Aug_0386_shift_P46WheezingRL_227.wav,P46WheezingRL_227.wav,P46,shift,428,silence_file=im_lang_016.wav
Aug_0387_white_P46WheezingRS_228.wav,P46WheezingRS_228.wav,P46,white,429,noise_level=0.001
Aug_0388_stretch_P48WheezingIE_237.wav,P48WheezingIE_237.wav,P48,stretch,430,rate_range=0.8-1.2
Aug_0389_pitch_P48WheezingIU_238.wav,P48WheezingIU_238.wav,P48,pitch,431,n_steps_range=-0.5..0.5
Aug_0390_mix_P48WheezingRL_239.wav,P48WheezingRL_239.wav,P48,mix,432,noise_file=quat_phim_014.wav
Aug_0391_shift_P48WheezingRS_236.wav,P48WheezingRS_236.wav,P48,shift,433,silence_file=im_lang_012.wav
Aug_0392_white_P48WheezingRS_240.wav,P48WheezingRS_240.wav,P48,white,434,noise_level=0.001
Aug_0393_stretch_P49WheezingIE_241.wav,P49WheezingIE_241.wav,P49,stretch,435,rate_range=0.8-1.2
Aug_0394_pitch_P49WheezingIE_245.wav,P49WheezingIE_245.wav,P49,pitch,436,n_steps_range=-0.5..0.5
Aug_0395_mix_P49WheezingIU_242.wav,P49WheezingIU_242.wav,P49,mix,437,noise_file=quat_phim_007.wav
Aug_0396_shift_P49WheezingRL_243.wav,P49WheezingRL_243.wav,P49,shift,438,silence_file=im_lang_013.wav
Aug_0397_white_P49WheezingRS_244.wav,P49WheezingRS_244.wav,P49,white,439,noise_level=0.001
Aug_0398_stretch_P50WheezingIE_249.wav,P50WheezingIE_249.wav,P50,stretch,440,rate_range=0.8-1.2
Aug_0399_pitch_P50WheezingIU_246.wav,P50WheezingIU_246.wav,P50,pitch,441,n_steps_range=-0.5..0.5
Aug_0400_mix_P50WheezingIU_250.wav,P50WheezingIU_250.wav,P50,mix,442,noise_file=postcard_046.wav
Aug_0401_shift_P50WheezingRL_247.wav,P50WheezingRL_247.wav,P50,shift,443,silence_file=im_lang_048.wav
Aug_0402_white_P50WheezingRS_248.wav,P50WheezingRS_248.wav,P50,white,444,noise_level=0.001
Aug_0403_stretch_P51WheezingIE_253.wav,P51WheezingIE_253.wav,P51,stretch,445,rate_range=0.8-1.2
Aug_0404_pitch_P51WheezingIU_254.wav,P51WheezingIU_254.wav,P51,pitch,446,n_steps_range=-0.5..0.5
Aug_0405_mix_P51WheezingRL_251.wav,P51WheezingRL_251.wav,P51,mix,447,noise_file=postcard_052.wav
Aug_0406_shift_P51WheezingRL_255.wav,P51WheezingRL_255.wav,P51,shift,448,silence_file=im_lang_017.wav
Aug_0407_white_P51WheezingRS_252.wav,P51WheezingRS_252.wav,P51,white,449,noise_level=0.001
Aug_0408_stretch_P52WheezingIE_257.wav,P52WheezingIE_257.wav,P52,stretch,450,rate_range=0.8-1.2
Aug_0409_pitch_P52WheezingIU_258.wav,P52WheezingIU_258.wav,P52,pitch,451,n_steps_range=-0.5..0.5
Aug_0410_mix_P52WheezingRL_259.wav,P52WheezingRL_259.wav,P52,mix,452,noise_file=postcard_043.wav
Aug_0411_shift_P52WheezingRS_256.wav,P52WheezingRS_256.wav,P52,shift,453,silence_file=im_lang_015.wav
Aug_0412_white_P52WheezingRS_260.wav,P52WheezingRS_260.wav,P52,white,454,noise_level=0.001
Aug_0413_stretch_P54WheezingIE_269.wav,P54WheezingIE_269.wav,P54,stretch,455,rate_range=0.8-1.2
Aug_0414_pitch_P54WheezingIU_266.wav,P54WheezingIU_266.wav,P54,pitch,456,n_steps_range=-0.5..0.5
Aug_0415_mix_P54WheezingIU_270.wav,P54WheezingIU_270.wav,P54,mix,457,noise_file=quat_phim_036.wav
Aug_0416_shift_P54WheezingRL_267.wav,P54WheezingRL_267.wav,P54,shift,458,silence_file=im_lang_004.wav
Aug_0417_white_P54WheezingRS_268.wav,P54WheezingRS_268.wav,P54,white,459,noise_level=0.001
Aug_0418_stretch_P55WheezingIE_273.wav,P55WheezingIE_273.wav,P55,stretch,460,rate_range=0.8-1.2
Aug_0419_pitch_P55WheezingIU_274.wav,P55WheezingIU_274.wav,P55,pitch,461,n_steps_range=-0.5..0.5
Aug_0420_mix_P55WheezingRL_271.wav,P55WheezingRL_271.wav,P55,mix,462,noise_file=quat_phim_015.wav
Aug_0421_shift_P55WheezingRL_275.wav,P55WheezingRL_275.wav,P55,shift,463,silence_file=im_lang_013.wav
Aug_0422_white_P55WheezingRS_272.wav,P55WheezingRS_272.wav,P55,white,464,noise_level=0.001
Aug_0423_stretch_P56WheezingIE_277.wav,P56WheezingIE_277.wav,P56,stretch,465,rate_range=0.8-1.2
Aug_0424_pitch_P56WheezingIU_278.wav,P56WheezingIU_278.wav,P56,pitch,466,n_steps_range=-0.5..0.5
Aug_0425_mix_P56WheezingRL_279.wav,P56WheezingRL_279.wav,P56,mix,467,noise_file=postcard_032.wav
Aug_0426_shift_P56WheezingRS_276.wav,P56WheezingRS_276.wav,P56,shift,468,silence_file=im_lang_013.wav
Aug_0427_white_P56WheezingRS_280.wav,P56WheezingRS_280.wav,P56,white,469,noise_level=0.001
Aug_0428_stretch_P57WheezingIE_281.wav,P57WheezingIE_281.wav,P57,stretch,470,rate_range=0.8-1.2
Aug_0429_pitch_P57WheezingIE_285.wav,P57WheezingIE_285.wav,P57,pitch,471,n_steps_range=-0.5..0.5
Aug_0430_mix_P57WheezingIU_282.wav,P57WheezingIU_282.wav,P57,mix,472,noise_file=quat_phim_053.wav
Aug_0431_shift_P57WheezingRL_283.wav,P57WheezingRL_283.wav,P57,shift,473,silence_file=im_lang_021.wav
Aug_0432_white_P57WheezingRS_284.wav,P57WheezingRS_284.wav,P57,white,474,noise_level=0.001
Aug_0433_stretch_P58WheezingIU_286.wav,P58WheezingIU_286.wav,P58,stretch,475,rate_range=0.8-1.2
Aug_0434_pitch_P58WheezingRL_287.wav,P58WheezingRL_287.wav,P58,pitch,476,n_steps_range=-0.5..0.5
Aug_0435_mix_P58WheezingRS_288.wav,P58WheezingRS_288.wav,P58,mix,477,noise_file=quat_phim_018.wav
Aug_0436_shift_P5AsthmaIE_21.wav,P5AsthmaIE_21.wav,P5,shift,478,silence_file=im_lang_020.wav
Aug_0437_white_P5AsthmaIE_25.wav,P5AsthmaIE_25.wav,P5,white,479,noise_level=0.001
Aug_0438_stretch_P5AsthmaIU_22.wav,P5AsthmaIU_22.wav,P5,stretch,480,rate_range=0.8-1.2
Aug_0439_pitch_P5AsthmaRL_23.wav,P5AsthmaRL_23.wav,P5,pitch,481,n_steps_range=-0.5..0.5
Aug_0440_mix_P5AsthmaRS_24.wav,P5AsthmaRS_24.wav,P5,mix,482,noise_file=quat_phim_006.wav
Aug_0441_shift_P7AsthmaIE_33.wav,P7AsthmaIE_33.wav,P7,shift,483,silence_file=im_lang_033.wav
Aug_0442_white_P7AsthmaIU_34.wav,P7AsthmaIU_34.wav,P7,white,484,noise_level=0.001
Aug_0443_stretch_P7AsthmaRL_31.wav,P7AsthmaRL_31.wav,P7,stretch,485,rate_range=0.8-1.2
Aug_0444_pitch_P7AsthmaRL_35.wav,P7AsthmaRL_35.wav,P7,pitch,486,n_steps_range=-0.5..0.5
Aug_0445_mix_P7AsthmaRS_32.wav,P7AsthmaRS_32.wav,P7,mix,487,noise_file=quat_phim_044.wav
Aug_0446_shift_P8AsthmaIE_37.wav,P8AsthmaIE_37.wav,P8,shift,488,silence_file=im_lang_007.wav
Aug_0447_white_P8AsthmaIU_38.wav,P8AsthmaIU_38.wav,P8,white,489,noise_level=0.001
Aug_0448_stretch_P8AsthmaRL_39.wav,P8AsthmaRL_39.wav,P8,stretch,490,rate_range=0.8-1.2
Aug_0449_pitch_P8AsthmaRS_36.wav,P8AsthmaRS_36.wav,P8,pitch,491,n_steps_range=-0.5..0.5
Aug_0450_mix_P8AsthmaRS_40.wav,P8AsthmaRS_40.wav,P8,mix,492,noise_file=quat_phim_043.wav
Aug_0451_shift_P9AsthmaIE_41.wav,P9AsthmaIE_41.wav,P9,shift,493,silence_file=im_lang_057.wav
Aug_0452_white_P9AsthmaIE_45.wav,P9AsthmaIE_45.wav,P9,white,494,noise_level=0.001
Aug_0453_stretch_P9AsthmaIU_42.wav,P9AsthmaIU_42.wav,P9,stretch,495,rate_range=0.8-1.2
Aug_0454_pitch_P9AsthmaRL_43.wav,P9AsthmaRL_43.wav,P9,pitch,496,n_steps_range=-0.5..0.5
Aug_0455_mix_P9AsthmaRS_44.wav,P9AsthmaRS_44.wav,P9,mix,497,noise_file=postcard_033.wav
Aug_0456_shift_P10AsthmaIE_49.wav,P10AsthmaIE_49.wav,P10,shift,498,silence_file=im_lang_030.wav
Aug_0457_white_P10AsthmaIU_46.wav,P10AsthmaIU_46.wav,P10,white,499,noise_level=0.001
Aug_0458_stretch_P10AsthmaIU_50.wav,P10AsthmaIU_50.wav,P10,stretch,500,rate_range=0.8-1.2
Aug_0459_pitch_P10AsthmaRL_47.wav,P10AsthmaRL_47.wav,P10,pitch,501,n_steps_range=-0.5..0.5
Aug_0460_mix_P10AsthmaRS_48.wav,P10AsthmaRS_48.wav,P10,mix,502,noise_file=quat_phim_004.wav
Aug_0461_shift_P12WheezingIE_57.wav,P12WheezingIE_57.wav,P12,shift,503,silence_file=im_lang_010.wav
Aug_0462_white_P12WheezingIU_58.wav,P12WheezingIU_58.wav,P12,white,504,noise_level=0.001
Aug_0463_stretch_P12WheezingRL_59.wav,P12WheezingRL_59.wav,P12,stretch,505,rate_range=0.8-1.2
Aug_0464_pitch_P12WheezingRS_56.wav,P12WheezingRS_56.wav,P12,pitch,506,n_steps_range=-0.5..0.5
Aug_0465_mix_P12WheezingRS_60.wav,P12WheezingRS_60.wav,P12,mix,507,noise_file=quat_phim_001.wav
Aug_0466_shift_P13WheezingIE_61.wav,P13WheezingIE_61.wav,P13,shift,508,silence_file=im_lang_034.wav
Aug_0467_white_P13WheezingIE_65.wav,P13WheezingIE_65.wav,P13,white,509,noise_level=0.001
Aug_0468_stretch_P13WheezingIU_62.wav,P13WheezingIU_62.wav,P13,stretch,510,rate_range=0.8-1.2
Aug_0469_pitch_P13WheezingRL_63.wav,P13WheezingRL_63.wav,P13,pitch,511,n_steps_range=-0.5..0.5
Aug_0470_mix_P13WheezingRS_64.wav,P13WheezingRS_64.wav,P13,mix,512,noise_file=postcard_002.wav
Aug_0471_shift_P14WheezingIE_69.wav,P14WheezingIE_69.wav,P14,shift,513,silence_file=im_lang_001.wav
Aug_0472_white_P14WheezingIU_66.wav,P14WheezingIU_66.wav,P14,white,514,noise_level=0.001
Aug_0473_stretch_P14WheezingIU_70.wav,P14WheezingIU_70.wav,P14,stretch,515,rate_range=0.8-1.2
Aug_0474_pitch_P14WheezingRL_67.wav,P14WheezingRL_67.wav,P14,pitch,516,n_steps_range=-0.5..0.5
Aug_0475_mix_P14WheezingRS_68.wav,P14WheezingRS_68.wav,P14,mix,517,noise_file=quat_phim_043.wav
Aug_0476_shift_P15WheezingIE_73.wav,P15WheezingIE_73.wav,P15,shift,518,silence_file=im_lang_052.wav
Aug_0477_white_P15WheezingIU_74.wav,P15WheezingIU_74.wav,P15,white,519,noise_level=0.001
Aug_0478_stretch_P15WheezingRL_71.wav,P15WheezingRL_71.wav,P15,stretch,520,rate_range=0.8-1.2
Aug_0479_pitch_P15WheezingRL_75.wav,P15WheezingRL_75.wav,P15,pitch,521,n_steps_range=-0.5..0.5
Aug_0480_mix_P15WheezingRS_72.wav,P15WheezingRS_72.wav,P15,mix,522,noise_file=postcard_009.wav
Aug_0481_shift_P19WheezingIE_93.wav,P19WheezingIE_93.wav,P19,shift,523,silence_file=im_lang_043.wav
Aug_0482_white_P19WheezingIU_94.wav,P19WheezingIU_94.wav,P19,white,524,noise_level=0.001
Aug_0483_stretch_P19WheezingRL_91.wav,P19WheezingRL_91.wav,P19,stretch,525,rate_range=0.8-1.2
Aug_0484_pitch_P19WheezingRL_95.wav,P19WheezingRL_95.wav,P19,pitch,526,n_steps_range=-0.5..0.5
Aug_0485_mix_P19WheezingRS_92.wav,P19WheezingRS_92.wav,P19,mix,527,noise_file=quat_phim_059.wav
Aug_0486_shift_P1AsthmaIE_1.wav,P1AsthmaIE_1.wav,P1,shift,528,silence_file=im_lang_050.wav
Aug_0487_white_P1AsthmaIE_5.wav,P1AsthmaIE_5.wav,P1,white,529,noise_level=0.001
Aug_0488_stretch_P1AsthmaIU_2.wav,P1AsthmaIU_2.wav,P1,stretch,530,rate_range=0.8-1.2
Aug_0489_pitch_P1AsthmaRL_3.wav,P1AsthmaRL_3.wav,P1,pitch,531,n_steps_range=-0.5..0.5
Aug_0490_mix_P1AsthmaRS_4.wav,P1AsthmaRS_4.wav,P1,mix,532,noise_file=postcard_026.wav
Aug_0491_shift_P20WheezingIE_97.wav,P20WheezingIE_97.wav,P20,shift,533,silence_file=im_lang_024.wav
Aug_0492_white_P20WheezingIU_98.wav,P20WheezingIU_98.wav,P20,white,534,noise_level=0.001
Aug_0493_stretch_P20WheezingRL_99.wav,P20WheezingRL_99.wav,P20,stretch,535,rate_range=0.8-1.2
Aug_0494_pitch_P20WheezingRS_100.wav,P20WheezingRS_100.wav,P20,pitch,536,n_steps_range=-0.5..0.5
Aug_0495_mix_P20WheezingRS_96.wav,P20WheezingRS_96.wav,P20,mix,537,noise_file=quat_phim_033.wav
Aug_0496_shift_P21WheezingIE_101.wav,P21WheezingIE_101.wav,P21,shift,538,silence_file=im_lang_017.wav
Aug_0497_white_P21WheezingIE_105.wav,P21WheezingIE_105.wav,P21,white,539,noise_level=0.001
Aug_0498_stretch_P21WheezingIU_102.wav,P21WheezingIU_102.wav,P21,stretch,540,rate_range=0.8-1.2
Aug_0499_pitch_P21WheezingRL_103.wav,P21WheezingRL_103.wav,P21,pitch,541,n_steps_range=-0.5..0.5
Aug_0500_mix_P21WheezingRS_104.wav,P21WheezingRS_104.wav,P21,mix,542,noise_file=quat_phim_001.wav
Aug_0501_shift_P22WheezingIE_109.wav,P22WheezingIE_109.wav,P22,shift,543,silence_file=im_lang_053.wav
Aug_0502_white_P22WheezingIU_106.wav,P22WheezingIU_106.wav,P22,white,544,noise_level=0.001
Aug_0503_stretch_P22WheezingIU_110.wav,P22WheezingIU_110.wav,P22,stretch,545,rate_range=0.8-1.2
Aug_0504_pitch_P22WheezingRL_107.wav,P22WheezingRL_107.wav,P22,pitch,546,n_steps_range=-0.5..0.5
Aug_0505_mix_P22WheezingRS_108.wav,P22WheezingRS_108.wav,P22,mix,547,noise_file=postcard_005.wav
Aug_0506_shift_P25WheezingIE_121.wav,P25WheezingIE_121.wav,P25,shift,548,silence_file=im_lang_002.wav
Aug_0507_white_P25WheezingIE_125.wav,P25WheezingIE_125.wav,P25,white,549,noise_level=0.001
Aug_0508_stretch_P25WheezingIU_122.wav,P25WheezingIU_122.wav,P25,stretch,550,rate_range=0.8-1.2
Aug_0509_pitch_P25WheezingRL_123.wav,P25WheezingRL_123.wav,P25,pitch,551,n_steps_range=-0.5..0.5
Aug_0510_mix_P25WheezingRS_124.wav,P25WheezingRS_124.wav,P25,mix,552,noise_file=postcard_002.wav
Aug_0511_shift_P27WheezingIE_133.wav,P27WheezingIE_133.wav,P27,shift,553,silence_file=im_lang_030.wav
Aug_0512_white_P27WheezingIU_134.wav,P27WheezingIU_134.wav,P27,white,554,noise_level=0.001
Aug_0513_stretch_P27WheezingRL_131.wav,P27WheezingRL_131.wav,P27,stretch,555,rate_range=0.8-1.2
Aug_0514_pitch_P27WheezingRL_135.wav,P27WheezingRL_135.wav,P27,pitch,556,n_steps_range=-0.5..0.5
Aug_0515_mix_P27WheezingRS_132.wav,P27WheezingRS_132.wav,P27,mix,557,noise_file=postcard_003.wav
Aug_0516_shift_P28WheezingIE_137.wav,P28WheezingIE_137.wav,P28,shift,558,silence_file=im_lang_024.wav
Aug_0517_white_P28WheezingIU_138.wav,P28WheezingIU_138.wav,P28,white,559,noise_level=0.001
Aug_0518_stretch_P28WheezingRL_139.wav,P28WheezingRL_139.wav,P28,stretch,560,rate_range=0.8-1.2
Aug_0519_pitch_P28WheezingRS_136.wav,P28WheezingRS_136.wav,P28,pitch,561,n_steps_range=-0.5..0.5
Aug_0520_mix_P28WheezingRS_140.wav,P28WheezingRS_140.wav,P28,mix,562,noise_file=quat_phim_034.wav
Aug_0521_shift_P29WheezingIE_141.wav,P29WheezingIE_141.wav,P29,shift,563,silence_file=im_lang_033.wav
Aug_0522_white_P29WheezingIE_145.wav,P29WheezingIE_145.wav,P29,white,564,noise_level=0.001
Aug_0523_stretch_P29WheezingIU_142.wav,P29WheezingIU_142.wav,P29,stretch,565,rate_range=0.8-1.2
Aug_0524_pitch_P29WheezingRL_143.wav,P29WheezingRL_143.wav,P29,pitch,566,n_steps_range=-0.5..0.5
Aug_0525_mix_P29WheezingRS_144.wav,P29WheezingRS_144.wav,P29,mix,567,noise_file=postcard_018.wav
Aug_0526_shift_P2AsthmaIE_9.wav,P2AsthmaIE_9.wav,P2,shift,568,silence_file=im_lang_006.wav
Aug_0527_white_P2AsthmaIU_10.wav,P2AsthmaIU_10.wav,P2,white,569,noise_level=0.001
Aug_0528_stretch_P2AsthmaIU_6.wav,P2AsthmaIU_6.wav,P2,stretch,570,rate_range=0.8-1.2
Aug_0529_pitch_P2AsthmaRL_7.wav,P2AsthmaRL_7.wav,P2,pitch,571,n_steps_range=-0.5..0.5
Aug_0530_mix_P2AsthmaRS_8.wav,P2AsthmaRS_8.wav,P2,mix,572,noise_file=postcard_027.wav
Aug_0531_shift_P30WheezingIE_149.wav,P30WheezingIE_149.wav,P30,shift,573,silence_file=im_lang_044.wav
Aug_0532_white_P30WheezingIU_146.wav,P30WheezingIU_146.wav,P30,white,574,noise_level=0.001
Aug_0533_stretch_P30WheezingIU_150.wav,P30WheezingIU_150.wav,P30,stretch,575,rate_range=0.8-1.2
Aug_0534_pitch_P30WheezingRL_147.wav,P30WheezingRL_147.wav,P30,pitch,576,n_steps_range=-0.5..0.5
Aug_0535_mix_P30WheezingRS_148.wav,P30WheezingRS_148.wav,P30,mix,577,noise_file=postcard_050.wav
Aug_0536_shift_P31WheezingIE_153.wav,P31WheezingIE_153.wav,P31,shift,578,silence_file=im_lang_048.wav
Aug_0537_white_P31WheezingIU_154.wav,P31WheezingIU_154.wav,P31,white,579,noise_level=0.001
Aug_0538_stretch_P31WheezingRL_151.wav,P31WheezingRL_151.wav,P31,stretch,580,rate_range=0.8-1.2
Aug_0539_pitch_P31WheezingRL_155.wav,P31WheezingRL_155.wav,P31,pitch,581,n_steps_range=-0.5..0.5
Aug_0540_mix_P31WheezingRS_152.wav,P31WheezingRS_152.wav,P31,mix,582,noise_file=postcard_026.wav
Aug_0541_shift_P32WheezingIE_157.wav,P32WheezingIE_157.wav,P32,shift,583,silence_file=im_lang_034.wav
Aug_0542_white_P32WheezingIU_158.wav,P32WheezingIU_158.wav,P32,white,584,noise_level=0.001
Aug_0543_stretch_P32WheezingRL_159.wav,P32WheezingRL_159.wav,P32,stretch,585,rate_range=0.8-1.2
Aug_0544_pitch_P32WheezingRS_156.wav,P32WheezingRS_156.wav,P32,pitch,586,n_steps_range=-0.5..0.5
Aug_0545_mix_P32WheezingRS_160.wav,P32WheezingRS_160.wav,P32,mix,587,noise_file=quat_phim_054.wav
Aug_0546_shift_P33WheezingIE_161.wav,P33WheezingIE_161.wav,P33,shift,588,silence_file=im_lang_046.wav
Aug_0547_white_P33WheezingIE_165.wav,P33WheezingIE_165.wav,P33,white,589,noise_level=0.001
Aug_0548_stretch_P33WheezingIU_162.wav,P33WheezingIU_162.wav,P33,stretch,590,rate_range=0.8-1.2
Aug_0549_pitch_P33WheezingRL_163.wav,P33WheezingRL_163.wav,P33,pitch,591,n_steps_range=-0.5..0.5
Aug_0550_mix_P33WheezingRS_164.wav,P33WheezingRS_164.wav,P33,mix,592,noise_file=postcard_009.wav
Aug_0551_shift_P34WheezingIE_169.wav,P34WheezingIE_169.wav,P34,shift,593,silence_file=im_lang_059.wav
Aug_0552_white_P34WheezingIU_166.wav,P34WheezingIU_166.wav,P34,white,594,noise_level=0.001
Aug_0553_stretch_P34WheezingIU_170.wav,P34WheezingIU_170.wav,P34,stretch,595,rate_range=0.8-1.2
Aug_0554_pitch_P34WheezingRL_167.wav,P34WheezingRL_167.wav,P34,pitch,596,n_steps_range=-0.5..0.5
Aug_0555_mix_P34WheezingRS_168.wav,P34WheezingRS_168.wav,P34,mix,597,noise_file=postcard_012.wav
Aug_0556_shift_P35WheezingIE_173.wav,P35WheezingIE_173.wav,P35,shift,598,silence_file=im_lang_054.wav
Aug_0557_white_P35WheezingIU_174.wav,P35WheezingIU_174.wav,P35,white,599,noise_level=0.001
Aug_0558_stretch_P35WheezingRL_171.wav,P35WheezingRL_171.wav,P35,stretch,600,rate_range=0.8-1.2
Aug_0559_pitch_P35WheezingRL_175.wav,P35WheezingRL_175.wav,P35,pitch,601,n_steps_range=-0.5..0.5
Aug_0560_mix_P35WheezingRS_172.wav,P35WheezingRS_172.wav,P35,mix,602,noise_file=postcard_051.wav
Aug_0561_shift_P36WheezingIE_177.wav,P36WheezingIE_177.wav,P36,shift,603,silence_file=im_lang_010.wav
Aug_0562_white_P36WheezingIU_178.wav,P36WheezingIU_178.wav,P36,white,604,noise_level=0.001
Aug_0563_stretch_P36WheezingRL_179.wav,P36WheezingRL_179.wav,P36,stretch,605,rate_range=0.8-1.2
Aug_0564_pitch_P36WheezingRS_176.wav,P36WheezingRS_176.wav,P36,pitch,606,n_steps_range=-0.5..0.5
Aug_0565_mix_P36WheezingRS_180.wav,P36WheezingRS_180.wav,P36,mix,607,noise_file=quat_phim_029.wav
Aug_0566_shift_P37WheezingIE_181.wav,P37WheezingIE_181.wav,P37,shift,608,silence_file=im_lang_008.wav
Aug_0567_white_P37WheezingIE_185.wav,P37WheezingIE_185.wav,P37,white,609,noise_level=0.001
Aug_0568_stretch_P37WheezingIU_182.wav,P37WheezingIU_182.wav,P37,stretch,610,rate_range=0.8-1.2
Aug_0569_pitch_P37WheezingRL_183.wav,P37WheezingRL_183.wav,P37,pitch,611,n_steps_range=-0.5..0.5
Aug_0570_mix_P37WheezingRS_184.wav,P37WheezingRS_184.wav,P37,mix,612,noise_file=quat_phim_045.wav
Aug_0571_shift_P38WheezingIE_189.wav,P38WheezingIE_189.wav,P38,shift,613,silence_file=im_lang_017.wav
Aug_0572_white_P38WheezingIU_186.wav,P38WheezingIU_186.wav,P38,white,614,noise_level=0.001
Aug_0573_stretch_P38WheezingIU_190.wav,P38WheezingIU_190.wav,P38,stretch,615,rate_range=0.8-1.2
Aug_0574_pitch_P38WheezingRL_187.wav,P38WheezingRL_187.wav,P38,pitch,616,n_steps_range=-0.5..0.5
Aug_0575_mix_P38WheezingRS_188.wav,P38WheezingRS_188.wav,P38,mix,617,noise_file=quat_phim_028.wav
Aug_0576_shift_P39WheezingIE_193.wav,P39WheezingIE_193.wav,P39,shift,618,silence_file=im_lang_029.wav
Aug_0577_white_P39WheezingIU_194.wav,P39WheezingIU_194.wav,P39,white,619,noise_level=0.001
Aug_0578_stretch_P39WheezingRL_191.wav,P39WheezingRL_191.wav,P39,stretch,620,rate_range=0.8-1.2
Aug_0579_pitch_P39WheezingRL_195.wav,P39WheezingRL_195.wav,P39,pitch,621,n_steps_range=-0.5..0.5
Aug_0580_mix_P39WheezingRS_192.wav,P39WheezingRS_192.wav,P39,mix,622,noise_file=postcard_037.wav
Aug_0581_shift_P3AsthmaIE_13.wav,P3AsthmaIE_13.wav,P3,shift,623,silence_file=im_lang_002.wav
Aug_0582_white_P3AsthmaIU_14.wav,P3AsthmaIU_14.wav,P3,white,624,noise_level=0.001
Aug_0583_stretch_P3AsthmaRL_11.wav,P3AsthmaRL_11.wav,P3,stretch,625,rate_range=0.8-1.2
Aug_0584_pitch_P3AsthmaRL_15.wav,P3AsthmaRL_15.wav,P3,pitch,626,n_steps_range=-0.5..0.5
Aug_0585_mix_P3AsthmaRS_12.wav,P3AsthmaRS_12.wav,P3,mix,627,noise_file=quat_phim_058.wav
Aug_0586_shift_P40WheezingIE_197.wav,P40WheezingIE_197.wav,P40,shift,628,silence_file=im_lang_056.wav
Aug_0587_white_P40WheezingIU_198.wav,P40WheezingIU_198.wav,P40,white,629,noise_level=0.001
Aug_0588_stretch_P40WheezingRL_199.wav,P40WheezingRL_199.wav,P40,stretch,630,rate_range=0.8-1.2
Aug_0589_pitch_P40WheezingRS_196.wav,P40WheezingRS_196.wav,P40,pitch,631,n_steps_range=-0.5..0.5
Aug_0590_mix_P40WheezingRS_200.wav,P40WheezingRS_200.wav,P40,mix,632,noise_file=postcard_046.wav
Aug_0591_shift_P42WheezingIE_209.wav,P42WheezingIE_209.wav,P42,shift,633,silence_file=im_lang_002.wav
Aug_0592_white_P42WheezingIU_206.wav,P42WheezingIU_206.wav,P42,white,634,noise_level=0.001
Aug_0593_stretch_P42WheezingIU_210.wav,P42WheezingIU_210.wav,P42,stretch,635,rate_range=0.8-1.2
Aug_0594_pitch_P42WheezingRL_207.wav,P42WheezingRL_207.wav,P42,pitch,636,n_steps_range=-0.5..0.5
Aug_0595_mix_P42WheezingRS_208.wav,P42WheezingRS_208.wav,P42,mix,637,noise_file=quat_phim_002.wav
Aug_0596_shift_P43WheezingIE_213.wav,P43WheezingIE_213.wav,P43,shift,638,silence_file=im_lang_040.wav
Aug_0597_white_P43WheezingIU_214.wav,P43WheezingIU_214.wav,P43,white,639,noise_level=0.001
Aug_0598_stretch_P43WheezingRL_211.wav,P43WheezingRL_211.wav,P43,stretch,640,rate_range=0.8-1.2
Aug_0599_pitch_P43WheezingRL_215.wav,P43WheezingRL_215.wav,P43,pitch,641,n_steps_range=-0.5..0.5
Aug_0600_mix_P43WheezingRS_212.wav,P43WheezingRS_212.wav,P43,mix,642,noise_file=quat_phim_024.wav
Aug_0601_shift_P44WheezingIE_217.wav,P44WheezingIE_217.wav,P44,shift,643,silence_file=im_lang_035.wav
Aug_0602_white_P44WheezingIU_218.wav,P44WheezingIU_218.wav,P44,white,644,noise_level=0.001
Aug_0603_stretch_P44WheezingRL_219.wav,P44WheezingRL_219.wav,P44,stretch,645,rate_range=0.8-1.2
Aug_0604_pitch_P44WheezingRS_216.wav,P44WheezingRS_216.wav,P44,pitch,646,n_steps_range=-0.5..0.5
